<?xml version="1.0"?>
<!DOCTYPE modification SYSTEM "http://www.simplemachines.org/xml/modification">

<modification xmlns="http://www.simplemachines.org/xml/modification" xmlns:smf="http://www.simplemachines.org/">
	<version>1.0</version>

	<file name="$sourcedir/Profile.php">
		<operation>
			<search position="before"><![CDATA[
		$context['whois_servers'] = array(]]></search>
			<add><![CDATA[
			'traceipaddress' => array(
				'name' => &$txt['trace_ip_address'],
				'url' => 'http://www.ip-adress.com/ip_tracer/' . $context['ip'],
				'range' => array(),
			),]]></add>
		</operation>
	</file>

	<file name="$languagedir/Modifications.english.php">
		<operation>
			<search position="end" />
			<add><![CDATA[
$txt['trace_ip_address'] = '<strong>IP-Adress.com (all regions)</strong>';]]></add>
		</operation>
	</file>

	<file name="$languagedir/Modifications.english-utf8.php" error="skip">
		<operation>
			<search position="end" />
			<add><![CDATA[
$txt['trace_ip_address'] = '<strong>IP-Adress.com (all regions)</strong>';]]></add>
		</operation>
	</file>

</modification>