<?xml version="1.0"?>
<!DOCTYPE package-info SYSTEM "http://www.simplemachines.org/xml/package-info">

<package-info xmlns="http://www.simplemachines.org/xml/package-info" xmlns:smf="http://www.simplemachines.org/">

	<id>TheDisturbedOne:Track_IP_on_ip-adress.com</id>
	<name>Track IP on ip-adress.com</name>
	<version>1.0</version>
	<type>modification</type>

	<install for="1.0 - 1.99.99">
		<readme parsebbc="true">readme.txt</readme>
		<modification>modification1.xml</modification>
	</install>

	<uninstall for="1.0 - 1.99.99">
		<modification reverse="true">modification1.xml</modification>
	</uninstall>

	<install for="2.0 - 2.99.99">
		<readme parsebbc="true">readme.txt</readme>
		<modification>modification2.xml</modification>
	</install>

	<uninstall for="2.0 - 2.99.99">
		<modification reverse="true">modification2.xml</modification>
	</uninstall>

</package-info>