<?xml version="1.1"?>
<!DOCTYPE package-info SYSTEM "http://www.simplemachines.org/xml/package-info">
<package-info xmlns="http://www.simplemachines.org/xml/package-info" xmlns:smf="http://www.simplemachines.org/">
	<name>Move Topic Notification</name>
	<id>valodim:vMoveTopicPM</id>
	<type>modification</type>
	<version>1.2</version>
	<install for="2.0 - 2.99.99, 2.0 RC2, 2.0 RC3">
	    <redirect url="?action=admin;area=modsettings;sa=general">redirect.txt</redirect>
	    <readme type="file" parsebbc="true">readme.txt</readme> 
		<modification>smf-2.x.xml</modification>
	</install>
	<uninstall for="2.0 - 2.99.99, 2.0 RC2, 2.0 RC3">
		<modification reverse="true">smf-2.x.xml</modification>		
	</uninstall>
	<install for="1.1-1.1.99">
	    <redirect url="?action=featuresettings">redirect.txt</redirect>
	    <readme type="file" parsebbc="true">readme.txt</readme> 
		<modification>smf-1.x.xml</modification>
	</install>
	<uninstall for="1.1-1.1.99">
		<modification reverse="true">smf-1.x.xml</modification>
	</uninstall>
</package-info>
