<?xml version="1.0"?>
<!DOCTYPE modification SYSTEM "http://www.simplemachines.org/xml/modification">
<modification xmlns="http://www.simplemachines.org/xml/modification" xmlns:smf="http://www.simplemachines.org/">
	<id>valodim:vMoveTopicPM</id>
	<file name="$sourcedir/MoveTopic.php">
		<operation>
			<search position="after"><![CDATA[
	loadTemplate('MoveTopic');]]></search>
			<add><![CDATA[
	// May the user send pm notifies?
	$context['allow_notify'] = !empty($ID_MEMBER) && !empty($ID_MEMBER_STARTED) && $ID_MEMBER != $ID_MEMBER_STARTED;
]]></add>
		</operation>
		<operation>
			<search position="before"><![CDATA[
	global $db_prefix, $ID_MEMBER, $board, $language, $user_info, $func;]]></search>
			<add><![CDATA[
    global $board_info;]]></add>
		</operation>
        <operation>
			<search position="before"><![CDATA[
		createPost($msgOptions, $topicOptions, $posterOptions);
	}]]></search>
			<add><![CDATA[
	// Notify the member of their moved topic by pm.
	if (isset($_POST['postNotify']) && !empty($ID_MEMBER_STARTED) && $ID_MEMBER != $ID_MEMBER_STARTED)
	{
		// Should be in the boardwide language.
		if ($user_info['language'] != $language)
			loadLanguage('index', $language);

		$pm_words = array(
		'{new_board}','{topic}','{subject}','{prev_board}'
	        );		
	
	        $pm_move_topic_body = str_replace($pm_words,
		array(
			'[url=' . $scripturl . '?board=' . $_POST['toboard'] . ']' . addslashes($board_name) . '[/url]',
			'[iurl]' . $scripturl . '?topic=' . $topic . '.0[/iurl]',
                        $subject,
                        '[url=' . $scripturl . '?board=' . $board . ']' . addslashes($board_info['name']) . '[/url]',
		),
		$_POST['notify']
	        );

	        $pm_move_topic_body = preg_replace('~<br(?: /)?' . '>~', "\n", $pm_move_topic_body);
	        $pm_move_topic_body = un_htmlspecialchars($pm_move_topic_body);
	        $subject = addslashes($subject);

		$pmto = array(
			'to' => array($ID_MEMBER_STARTED),
			'bcc' => array(),
		);
		sendpm($pmto,$subject,$pm_move_topic_body);
	}]]></add>
        </operation>
    </file>
	<file name="$themedir/MoveTopic.template.php">
		<operation>
			<search position="replace"><![CDATA[
					</div>
					<br />]]></search>
			<add><![CDATA[
					</div>
					<br />';
	// PM Notification text.
	if($context['allow_notify'])
		echo '
					<label for="postNotify"><input type="checkbox" name="postNotify" id="postNotify" checked="checked" onclick="document.getElementById(\'notifyArea\').style.display = this.checked ? \'block\' : \'none\';" class="check" /> ', $txt['moveTopic5'], '.</label><br />
					<div id="notifyArea" style="margin-top: 1ex;">
						', $txt['movetopic_notify_desc'], '<br />
						<textarea name="notify" rows="5" cols="40">', $txt['movetopic_notify_default'], '</textarea><br />
					</div>
					<br />';
	echo '
]]></add>
		</operation>
    </file>	
<file name="$languagedir/Modifications.english.php">
	<operation>
		<search position="end" />
			<add><![CDATA[
// Move Topic Notification by SMFPacks.com
$txt['moveTopic5'] = 'Send PM notification';
$txt['movetopic_notify_desc'] = 'Please enter the notification text, which will be sent to the original poster by pm.<br />{topic} - Link to the Topic Url<br />{new_board} - Link to the New Board<br />{subject} - Subject of the Topic<br />{prev_board} - Previous Board';
$txt['movetopic_notify_default'] = 'The topic you created at {prev_board} named {subject} has been moved to {new_board}. Please understand that this has been done to keep order in the forum.' . ".\n\n" . '{topic}';
$txt['movetopic_notify_subject'] = 'Moved Topic';
// Move Topic Notification by SMFPacks.com
]]></add>
	</operation>
</file>
<file name="$languagedir/Modifications.english-utf8.php" error="skip">
	<operation>
		<search position="end" />
			<add><![CDATA[
// Move Topic Notification by SMFPacks.com
$txt['moveTopic5'] = 'Send PM notification';
$txt['movetopic_notify_desc'] = 'Please enter the notification text, which will be sent to the original poster by pm.<br />{topic} - Link to the Topic Url<br />{new_board} - Link to the New Board<br />{subject} - Subject of the Topic<br />{prev_board} - Previous Board';
$txt['movetopic_notify_default'] = 'The topic you created at {prev_board} named {subject} has been moved to {new_board}. Please understand that this has been done to keep order in the forum.' . ".\n\n" . '{topic}';
$txt['movetopic_notify_subject'] = 'Moved Topic';
// Move Topic Notification by SMFPacks.com
]]></add>
	</operation>
</file>
<file name="$languagedir/Modifications.turkish.php" error="skip">
	<operation>
		<search position="end" />
			<add><![CDATA[
// Move Topic Notification by SMFPacks.com
$txt['moveTopic5'] = 'İleti gönder';
$txt['movetopic_notify_desc'] = 'Konuyu başlatana taşıma ile ilgili bilgiyi buraya yazınız.';
$txt['movetopic_notify_default'] = '{prev_board} bölümünde oluşturduğunuz {subject} isimli konu {new_board} bölümüne taşınmıştır. Forumun daha düzenli olması için yapılan bu değişikliği lütfen anlayışla karşılayın.' . ".\n\n" . '{topic}';
$txt['movetopic_notify_subject'] = 'Konuyu Taşı';
// Move Topic Notification by SMFPacks.com
]]></add>
	</operation>
</file>
<file name="$languagedir/Modifications.turkish-utf8.php" error="skip">
	<operation>
		<search position="end" />
			<add><![CDATA[
// Move Topic Notification by SMFPacks.com
$txt['moveTopic5'] = 'İleti gönder';
$txt['movetopic_notify_desc'] = 'Konuyu başlatana taşıma ile ilgili bilgiyi buraya yazınız.';
$txt['movetopic_notify_default'] = '{prev_board} bölümünde oluşturduğunuz {subject} isimli konu {new_board} bölümüne taşınmıştır. Forumun daha düzenli olması için yapılan bu değişikliği lütfen anlayışla karşılayın.' . ".\n\n" . '{topic}';
$txt['movetopic_notify_subject'] = 'Konuyu Taşı';
// Move Topic Notification by SMFPacks.com
]]></add>
	</operation>
</file>
<file name="$languagedir/Modifications.turkish-utf8.php" error="skip">
	<operation>
		<search position="end" />
			<add><![CDATA[
// Move Topic Notification by SMFPacks.com
$txt['moveTopic5'] = 'Özel mesajla heber ver.';
$txt['movetopic_notify_desc'] = 'Konuyu baþlatana mesajýnýzý buraya yazýnýz.';
$txt['movetopic_notify_default'] = '{prev_board} bölümünde oluþturduðunuz {subject} isimli konu linkler çalýþmadýðý için {new_board} bölümüne taþýnmýþtýr. Lütfen aþaðýdaki linkten taþýnan konuya ulaþarak linkleri yenileyiniz ve yenilediðinize dair mesaj yazýnýz.' . ".\n\n" . '{topic}';
$txt['movetopic_notify_subject'] = 'Konuyu Taþý';
// Move Topic Notification by SMFPacks.com
]]></add>
	</operation>
</file>
<file name="$languagedir/Modifications.spanish_latin.php" error="skip">
	<operation>
		<search position="end" />
			<add><![CDATA[
// Move Topic Notification by SMFPacks.com
$txt['moveTopic5'] = 'Enviar notificaci&oacute; por MP';
$txt['movetopic_notify_desc'] = 'Ingresa el texto de la notificaci&oacute;n, la cual sera enviada al autor del tema por MP.<br />{topic} - Enlace al Tema<br />{new_board} - Enlace al Nuevo Foro<br />{subject} - Sujeto del Tema<br />{prev_board} - Anterior Foro';
$txt['movetopic_notify_default'] = 'El tema que has creado en {prev_board} llamado {subject} ha sido movido a {new_board}. Por favor entiende que esto se ha hecho para preservar el orden en el foro.' . ".\n\n" . '{topic}';
$txt['movetopic_notify_subject'] = 'Tema Movido';
// Move Topic Notification by SMFPacks.com
]]></add>
	</operation>
</file>
<file name="$languagedir/Modifications.spanish_latin-utf8.php" error="skip">
	<operation>
		<search position="end" />
			<add><![CDATA[
// Move Topic Notification by SMFPacks.com
$txt['moveTopic5'] = 'Enviar notificaci&oacute; por MP';
$txt['movetopic_notify_desc'] = 'Ingresa el texto de la notificaci&oacute;n, la cual sera enviada al autor del tema por MP.<br />{topic} - Enlace al Tema<br />{new_board} - Enlace al Nuevo Foro<br />{subject} - Sujeto del Tema<br />{prev_board} - Anterior Foro';
$txt['movetopic_notify_default'] = 'El tema que has creado en {prev_board} llamado {subject} ha sido movido a {new_board}. Por favor entiende que esto se ha hecho para preservar el orden en el foro.' . ".\n\n" . '{topic}';
$txt['movetopic_notify_subject'] = 'Tema Movido';
// Move Topic Notification by SMFPacks.com
]]></add>
	</operation>
</file>
<file name="$languagedir/Modifications.spanish_es.php" error="skip">
	<operation>
		<search position="end" />
			<add><![CDATA[
// Move Topic Notification by SMFPacks.com
$txt['moveTopic5'] = 'Enviar notificaci&oacute; por MP';
$txt['movetopic_notify_desc'] = 'Ingresa el texto de la notificaci&oacute;n, la cual sera enviada al autor del tema por MP.<br />{topic} - Enlace al Tema<br />{new_board} - Enlace al Nuevo Foro<br />{subject} - Sujeto del Tema<br />{prev_board} - Anterior Foro';
$txt['movetopic_notify_default'] = 'El tema que has creado en {prev_board} llamado {subject} ha sido movido a {new_board}. Por favor entiende que esto se ha hecho para preservar el orden en el foro.' . ".\n\n" . '{topic}';
$txt['movetopic_notify_subject'] = 'Tema Movido';
// Move Topic Notification by SMFPacks.com
]]></add>
	</operation>
</file>
<file name="$languagedir/Modifications.spanish_es-utf8.php" error="skip">
	<operation>
		<search position="end" />
			<add><![CDATA[
// Move Topic Notification by SMFPacks.com
$txt['moveTopic5'] = 'Enviar notificaci&oacute; por MP';
$txt['movetopic_notify_desc'] = 'Ingresa el texto de la notificaci&oacute;n, la cual sera enviada al autor del tema por MP.<br />{topic} - Enlace al Tema<br />{new_board} - Enlace al Nuevo Foro<br />{subject} - Sujeto del Tema<br />{prev_board} - Anterior Foro';
$txt['movetopic_notify_default'] = 'El tema que has creado en {prev_board} llamado {subject} ha sido movido a {new_board}. Por favor entiende que esto se ha hecho para preservar el orden en el foro.' . ".\n\n" . '{topic}';
$txt['movetopic_notify_subject'] = 'Tema Movido';
// Move Topic Notification by SMFPacks.com
]]></add>
	</operation>
</file>
<file name="$languagedir/Modifications.greek-utf8.php" error="skip">
      <operation>
		<search position="end" />
			<add><![CDATA[
// Move Topic Notification by SMFPacks.com
$txt['moveTopic5'] = 'Στείλε ειδοποίηση με ΠΜ';
$txt['movetopic_notify_desc'] = 'Παρακαλώ γράψε το μήνυμα που θα σταλεί στον συγγραφέα του θέματος με ΠΜ.';
$txt['movetopic_notify_default'] = 'Το θεμα που ξεκινήσατε στον πίνακα {prev_board} με ονομασία {subject} μετακινήθηκε στον πίνακα {new_board}. Παρακαλώ σημειώστε ότι αυτό γίνεται για την εύρυθμη λειτουργία του ΦΟΡΟΥΜ.' . ".\n\n" . '{topic}';
$txt['movetopic_notify_subject'] = 'Moved Topic';
// Move Topic Notification by SMFPacks.com]]></add>
      </operation>
    </file>
<file name="$languagedir/Modifications.portuguese_pt.php" error="skip">
        <operation>
		<search position="end" />
			<add><![CDATA[
// Move Topic Notification by SMFPacks.com
$txt['moveTopic5'] = 'Enviar notifica&ccedil;&atilde;o PM';
$txt['movetopic_notify_desc'] = 'Digite o texto da notifica&ccedil;&atilde;o, que ser&aacute; enviada para o poster original por pm.';
$txt['movetopic_notify_default'] = 'O t&oacute;pico que voc&ecirc; criou no {prev_board} chamado {subject} foi deslocado para {new_board}. Por favor, entenda que isto tenha sido feito para manter a ordem no f&oacute;rum.' . ".\n\n" . '{topic}';
$txt['movetopic_notify_subject'] = 'T&oacute;pico movido';
// Move Topic Notification by SMFPacks.com]]></add>
        </operation>
</file>
<file name="$languagedir/Modifications.portuguese_brazilian" error="skip">
        <operation>
		<search position="end" />
			<add><![CDATA[
// Move Topic Notification by SMFPacks.com
$txt['moveTopic5'] = 'Enviar notifica&ccedil;&atilde;o PM';
$txt['movetopic_notify_desc'] = 'Digite o texto da notifica&ccedil;&atilde;o, que ser&aacute; enviada para o poster original por pm.';
$txt['movetopic_notify_default'] = 'O t&oacute;pico que voc&ecirc; criou no {prev_board} chamado {subject} foi deslocado para {new_board}. Por favor, entenda que isto tenha sido feito para manter a ordem no f&oacute;rum.' . ".\n\n" . '{topic}';
$txt['movetopic_notify_subject'] = 'T&oacute;pico movido';
// Move Topic Notification by SMFPacks.com]]></add>
        </operation>
</file>
<file name="$languagedir/Modifications.portuguese_pt-utf8.php" error="skip">
        <operation>
		<search position="end" />
			<add><![CDATA[
// Move Topic Notification by SMFPacks.com
$txt['moveTopic5'] = 'Enviar notifica&ccedil;&atilde;o PM';
$txt['movetopic_notify_desc'] = 'Digite o texto da notifica&ccedil;&atilde;o, que ser&aacute; enviada para o poster original por pm.';
$txt['movetopic_notify_default'] = 'O t&oacute;pico que voc&ecirc; criou no {prev_board} chamado {subject} foi deslocado para {new_board}. Por favor, entenda que isto tenha sido feito para manter a ordem no f&oacute;rum.' . ".\n\n" . '{topic}';
$txt['movetopic_notify_subject'] = 'T&oacute;pico movido';
// Move Topic Notification by SMFPacks.com]]></add>
        </operation>
</file>
<file name="$languagedir/Modifications.portuguese_brazilian-utf8" error="skip">
        <operation>
		<search position="end" />
			<add><![CDATA[
// Move Topic Notification by SMFPacks.com
$txt['moveTopic5'] = 'Enviar notifica&ccedil;&atilde;o PM';
$txt['movetopic_notify_desc'] = 'Digite o texto da notifica&ccedil;&atilde;o, que ser&aacute; enviada para o poster original por pm.';
$txt['movetopic_notify_default'] = 'O t&oacute;pico que voc&ecirc; criou no {prev_board} chamado {subject} foi deslocado para {new_board}. Por favor, entenda que isto tenha sido feito para manter a ordem no f&oacute;rum.' . ".\n\n" . '{topic}';
$txt['movetopic_notify_subject'] = 'T&oacute;pico movido';
// Move Topic Notification by SMFPacks.com]]></add>
        </operation>
</file>
<file name="$languagedir/Modifications.russian-utf8.php" error="skip">
      <operation>
         <search position="end" />
         <add><![CDATA[
// Move Topic Notification by SMFPacks.com
$txt['moveTopic5'] = 'Отправлять ЛС автору с уведомлением о перемещении темы';
$txt['movetopic_notify_desc'] = 'Пожалуйста, введите текст уведомления, которое будет отправлено автору темы.<br />{topic} - Ссылка на тему<br />{new_board} - Ссылка на новый раздел<br />{subject} - Название темы<br />{prev_board} - Предыдущий раздел';
$txt['movetopic_notify_default'] = 'Тема {subject}, созданная Вами в разделе {prev_board}, перемещена в {new_board}. Пожалуйста, отнеситесь к этому с пониманием — на форуме должен поддерживаться порядок.' . ".\n\n" . '{topic}';
$txt['movetopic_notify_subject'] = 'Перемещённая тема';
// Move Topic Notification by SMFPacks.com
]]></add>
      </operation>
   </file>
<file name="$languagedir/Modifications.russian.php" error="skip">
      <operation>
         <search position="end"></search>
         <add><![CDATA[
// Move Topic Notification by SMFPacks.com
$txt['moveTopic5'] = 'Отправлять ЛС автору с уведомлением о перемещении темы';
$txt['movetopic_notify_desc'] = 'Пожалуйста, введите текст уведомления, которое будет отправлено автору темы.<br />{topic} - Ссылка на тему<br />{new_board} - Ссылка на новый раздел<br />{subject} - Название темы<br />{prev_board} - Предыдущий раздел';
$txt['movetopic_notify_default'] = 'Тема {subject}, созданная Вами в разделе {prev_board}, перемещена в {new_board}. Пожалуйста, отнеситесь к этому с пониманием — на форуме должен поддерживаться порядок.' . ".\n\n" . '{topic}';
$txt['movetopic_notify_subject'] = 'Перемещённая тема';
// Move Topic Notification by SMFPacks.com
]]></add>
      </operation>
   </file>
</modification>