<?xml version="1.0"?>
<!DOCTYPE package-info SYSTEM "http://www.simplemachines.org/xml/package-info">

<!-- - - - - - - - - - - - - - - - - - - - - - - - - - - - - - - - - - - - - - -
                        Simple ImageShack for SMF
		copyright 2010 SimpleTweaks - http://simpletweaks.info
 - - - - - - - - - - - - - - - - - - - - - - - - - - - - - - - - - - - - - - -->

<package-info xmlns="http://www.simplemachines.org/xml/package-info" xmlns:smf="http://www.simplemachines.org/">

    <name>Simple ImageShack</name>
    <id>SimpleTweaks:SimpleImageShack</id>
	<version>3.1.3</version>
	<type>modification</type>

    <install for="2.0 - 2.99.99">
        <readme type="file" parsebbc="true">install/SISv313_anura.txt</readme>
        <readme lang="English" type="file" parsebbc="true">install/SISv313_english.txt</readme>
        <readme lang="Dutch" type="file" parsebbc="true">install/SISv313_dutch.txt</readme> 
        <readme lang="French" type="file" parsebbc="true">install/SISv313_french.txt</readme>
        <readme lang="Greek" type="file" parsebbc="true">install/SISv313_greek.txt</readme>
        <readme lang="Portuguese" type="file" parsebbc="true">install/SISv313_portuguese.txt</readme>
        <readme lang="Turkish" type="file" parsebbc="true">install/SISv313_turkish.txt</readme>
        <create-dir name="sis" destination="$boarddir" />
        <create-dir name="img" destination="$boarddir/sis" />
        <create-dir name="lang" destination="$boarddir/sis" />
        <require-dir name="sis" destination="$boarddir" />
        <require-dir name="img" destination="$boarddir/sis" />
        <require-dir name="lang" destination="$boarddir/sis" />
        <modification format="xml" type="file">SimpleImageShack_313.xml</modification>
        <modification format="xml" type="file">SISv313_lang.xml</modification>
        <modification format="xml" type="file">SISv313_lang-utf8.xml</modification>
        <database>SISv313_add-settings.php</database>
        <redirect url="?action=admin;area=modsettings;sa=sis" timeout="10000">install/redirect.txt</redirect>
    </install>
    <uninstall for="2.0 - 2.99.99">
        <readme type="file" parsebbc="true">install/uninstall.txt</readme>
        <modification format="xml" type="file" reverse="true">SimpleImageShack_313.xml</modification>
        <modification format="xml" type="file">SISv313_lang_uninstall.xml</modification>
        <modification format="xml" type="file">SISv313_lang-utf8_uninstall.xml</modification>
        <remove-dir name="$boarddir/sis" />
    </uninstall>

</package-info>