<?xml version="1.0"?>
<!DOCTYPE modification SYSTEM "http://www.simplemachines.org/xml/modification">

<!-- - - - - - - - - - - - - - - - - - - - - - - - - - - - - - - - - - - - - - - 

	ATTENTION: If you are trying to install this manually, you should try
	the package manager.  If it will not work for you, please contact us.

		copyright 2010 SimpleTweaks - http://simpletweaks.info
 - - - - - - - - - - - - - - - - - - - - - - - - - - - - - - - - - - - - - - -->

<modification xmlns="http://www.simplemachines.org/xml/modification" xmlns:smf="http://www.simplemachines.org/">
	<id>SimpleTweaks:SimpleImageShack</id>
	<version>3.1.3</version>

	<file name="$themedir/Post.template.php">
		<operation>
			<search position="replace"><![CDATA[	// Finally, the submit buttons.
	echo ']]></search>
			<add><![CDATA[
	// SimpleImageShack v3.1.3 - SimpleTweaks.info
    if (empty($modSettings['sis_addops']))
    {
        global $boardurl;
        $sisframe_width = $modSettings['sis_width'];
        $sisframe_height = $modSettings['sis_height'];

        if (!empty($modSettings['sis_permis']))
        {
            if (!empty($modSettings['sis_enable']) && AllowedTo('sis_view'))
            {
                    echo '
                        <div>
                            <iframe src="' . $boardurl . '/sis/SISiframe.php" scrolling="auto" frameborder="0" width="' . $sisframe_width . '" height="' . $sisframe_height . '" allowtransparency="true"> You must have an iframe-compatable browser to view the ImageShack.us upload form.</iframe>
                        </div>
                    ';
            }
        }
        else
        {
            if (!empty($modSettings['sis_enable']))
            {
                    echo '
                        <div>
                            <iframe src="' . $boardurl . '/sis/SISiframe.php" scrolling="auto" frameborder="0" width="' . $sisframe_width . '" height="' . $sisframe_height . '" allowtransparency="true"> You must have an iframe-compatable browser to view the ImageShack.us upload form.</iframe>
                        </div>
                    ';
            }
        }
    }
	// SimpleImageShack v3.1.3 - SimpleTweaks.info

	// Finally, the submit buttons.
	echo ']]></add>
		</operation>
	</file>

	<file name="$themedir/Post.template.php">
		<operation>
			<search position="after"><![CDATA[					</div>';

	// If this post already has attachments on it - give information about them.]]></search>
			<add><![CDATA[
';
	// SimpleImageShack v3.1.3 - SimpleTweaks.info
    if (!empty($modSettings['sis_addops']))
    {
    	global $boardurl;
    	$sisframe_width = $modSettings['sis_width'];
    	$sisframe_height = $modSettings['sis_height'];

        if (!empty($modSettings['sis_permis']))
        {
        	if (!empty($modSettings['sis_enable']) && AllowedTo('sis_view'))
        	{
                    echo '
                        <div>
                            <iframe src="' . $boardurl . '/sis/SISiframe.php" scrolling="auto" frameborder="0" width="' . $sisframe_width . '" height="' . $sisframe_height . '" allowtransparency="true"> You must have an iframe-compatable browser to view the ImageShack.us upload form.</iframe>
                        </div>
                    ';
        	}
        }
        else
        {
        	if (!empty($modSettings['sis_enable']))
        	{
                    echo '
                        <div>
                            <iframe src="' . $boardurl . '/sis/SISiframe.php" scrolling="auto" frameborder="0" width="' . $sisframe_width . '" height="' . $sisframe_height . '" allowtransparency="true"> You must have an iframe-compatable browser to view the ImageShack.us upload form.</iframe>
                        </div>
                    ';;
        	}
        }
    }
	// SimpleImageShack v3.1.3 - SimpleTweaks.info
echo '
]]></add>
		</operation>
	</file>

<file name="$sourcedir/ManageSettings.php">
	<operation>
		<search position="before"><![CDATA[		// Mod authors, once again, if you have a whole section to add do it AFTER this line, and keep a comma at the end.]]></search>
			<add><![CDATA[
		'sis' => 'ModifySisModSettings',
]]></add>
	</operation>
</file>

<file name="$sourcedir/ManageSettings.php">
	<operation>
		<search position="before"><![CDATA[		'description' => $txt['modification_settings_desc'],
		'tabs' => array(
			'general' => array(
			),]]></search>
			<add><![CDATA[
			'sis' => array(
                'label' => 'Simple ImageShack',
			),
]]></add>
	</operation>
</file>

<file name="$sourcedir/ManageSettings.php">
	<operation>
		<search position="before"><![CDATA[// If you have a general mod setting to add stick it here.]]></search>
			<add><![CDATA[

// Simple ImageShack v3.1.3
function ModifySisModSettings($return_config = false)
{
	global $txt, $scripturl, $context, $settings, $sc, $modSettings;

	$config_vars = array(

			array('check', 'sis_enable'),
			array('text', 'sis_cookie', 36),
		'',
			array('check', 'sis_permis'),
			array('check', 'sis_addops'),
			array('check', 'sis_forumtag'),
			array('text', 'sis_tags', 36),
		'',
			array('check', 'sis_imagelink'),
			array('check', 'sis_imagelink_bbcode'),
			array('check', 'sis_thumblink_bbcode'),
			array('check', 'sis_thumblink_click'),
			array('check', 'sis_rembar'),
		'',
			array('int', 'sis_width'),
			array('int', 'sis_height'),
			array('text', 'sis_color'),
			array('select', 'sis_loader', array('0' => &$txt['sis_loader_0'], '1' => &$txt['sis_loader_1'], '2' => &$txt['sis_loader_2'], '3' => &$txt['sis_loader_3'], '4' => &$txt['sis_loader_4'])),
	);

	if ($return_config)
		return $config_vars;

	$context['post_url'] = $scripturl . '?action=admin;area=modsettings;save;sa=sis';
	$context['settings_title'] = 'Simple ImageShack';

	// No removing this line you, dirty unwashed mod authors. :p
	if (empty($config_vars))
	{
		$context['settings_save_dont_show'] = true;
		$context['settings_message'] = '<div class="centertext">' . $txt['modification_no_misc_settings'] . '</div>';

		return prepareDBSettingContext($config_vars);
	}

	// Saving?
	if (isset($_GET['save']))
	{
		checkSession();

		$save_vars = $config_vars;

		// This line is to help mod authors do a search/add after if you want to add something here. Keyword: SIS Rocks!
		saveDBSettings($save_vars);

		// This line is to help mod authors do a search/add after if you want to add something here. Keyword: Keep IT Simple!
		redirectexit('action=admin;area=modsettings;sa=sis');
	}

	// This line is to help mod authors do a search/add after if you want to add something here. Keyword: Friendly Froggy!
	prepareDBSettingContext($config_vars);
}
// Simple ImageShack v3.1.3
]]></add>
	</operation>
</file>


<file name="$sourcedir/Admin.php">
	<operation>
		<search position="after"><![CDATA[						// Mod Authors for a "ADD AFTER" on this line. Ensure you end your change with a comma. For example:]]></search>
			<add><![CDATA[                        'sis' => array('Simple ImageShack'),
]]></add>
	</operation>
</file>

<file name="$sourcedir/ManagePermissions.php">
    <operation>
        <search position="before"><![CDATA[			'post_attachment' => array(false, 'attachment', 'attach'),]]></search>
			<add><![CDATA[
			'sis_view' => array(false, 'sis', 'sis'),]]></add>
    </operation>
</file>

</modification>