<?xml version="1.0"?>
<!DOCTYPE modification SYSTEM "http://www.simplemachines.org/xml/modification">

<!-- - - - - - - - - - - - - - - - - - - - - - - - - - - - - - - - - - - - - - -
                        Simple Tweaks in Greek: Τσιμπήματα Απλή
            Please Submit Your Translation To http://SimpleTweaks.info
              copyright 2010 SimpleTweaks - http://simpletweaks.info
 - - - - - - - - - - - - - - - - - - - - - - - - - - - - - - - - - - - - - - -->

<modification xmlns="http://www.simplemachines.org/xml/modification" xmlns:smf="http://www.simplemachines.org/">
	<id>SimpleTweaks:SimpleImageShack</id>
	<version>3.1.3</version>

<!-- -  English  - -->

    <file name="$languagedir/Modifications.english-utf8.php" error="skip">
        <operation>
		<search position="replace">
<![CDATA[
// Simple ImageShack v3.1.3
$txt['sis_enable'] = 'Enable Simple ImageShack'; 
$txt['sis_cookie'] = 'Your ImageShack.us registration code<br /><small><a href="http://profile.imageshack.us/prefs/index.php" target="_blank">click here to retrieve your reg code</a></small>';
$txt['sis_addops'] = 'Display inside additional options';
$txt['sis_permis'] = 'Use smf permission-system';
$txt['sis_forumtag'] = 'Add forumtag';
$txt['sis_tags'] = 'Add Personaltag(s) to image<br /><small>use commas between multiple tags</small>';
$txt['sis_loader'] = 'Select loader image';
$txt['sis_loader_0'] = 'off';
$txt['sis_loader_1'] = 'classic';
$txt['sis_loader_2'] = 'modern blue';
$txt['sis_loader_3'] = 'modern green';
$txt['sis_loader_4'] = 'froggy';
$txt['sis_rembar'] = 'Remove information bar from thumbnail';
$txt['sis_imagelink'] = 'Show direct link to image';
$txt['sis_imagelink_bbcode'] = 'Show bbcode image';
$txt['sis_thumblink_bbcode'] = 'Show bbcode thumbnail';
$txt['sis_thumblink_click'] = 'Show bbcode clickable thumbnail';
$txt['sis_width'] = 'Simple ImageShack iframe width';
$txt['sis_height'] = 'Simple ImageShack iframe height';
$txt['sis_color'] = 'Simple ImageShack text color (hex)';
$txt['permissiongroup_sis'] = 'Simple ImageShack mod';
$txt['permissiongroup_simple_sis'] = 'Use Simple ImageShack mod';
$txt['permissionname_sis_view'] = 'Use the Simple ImageShack mod';
$txt['permissionhelp_sis_view'] = 'Enabling this permission adds an ImageShack.us upload field to the post template';
// Simple ImageShack v3.1.3
]]></search>
        <add><![CDATA[

// Removed $txt SIS v3.1.3

]]></add>
        </operation>
	</file>

    <file name="$languagedir/Help.english-utf8.php" error="skip">
		<operation>
		<search position="replace">
<![CDATA[
// Simple ImageShack v3.1.3
$helptxt['sis_enable'] = 'This will turn on the Simple ImageShack mod.';
$helptxt['sis_cookie'] = 'This option allows you to load the image into your ImageShack account.<br />
						<small>Leave blank if you don\'t have an ImagShack account.</small><br />
						<br /><br />
						<b>How to get your registration code</b><br />
						- Register at ImageShack<br /> <a href="http://profile.imageshack.us/registration/" target="_blank">http://profile.imageshack.us/registration/</a> and log in<br /><br />
						- When logged-in go to<br /> <a href="http://profile.imageshack.us/prefs/index.php" target="blank">http://profile.imageshack.us/prefs/index.php</a><br /><br />
						- Copy and Paste your ImageShack Registration Code
						';
$helptxt['sis_addops'] = 'This option allows you to put the mod inside the Additional Options.';
$helptxt['sis_permis'] = 'This option allows you to turn on or off the use of the SMF permission system with the Simple ImageShack mod.';
$helptxt['sis_forumtag'] = 'This option adds a tag with forum+user info to the image';
$helptxt['sis_tags'] = 'This option allows you to add one or more Personaltags to the image.<br />
						<small>Use commas between multiple tags</small>
						';
$helptxt['sis_loader'] = 'This option allows you to select the loader image.<br />
    <table border="1" bordercolor="LightSteelBlue" rules="rows" frame="hsides" cellpadding="3" cellspacing="1">                 
    <tr><td>classic</td><td><img src="./sis/img/sis-loader_1.gif" alt=""></td>                 
    </tr>                 
    <tr><td>modern blue</td><td><img src="./sis/img/sis-loader_2.gif" alt=""></td>                 
    </tr>                 
    <tr><td>modern green</td><td><img src="./sis/img/sis-loader_3.gif" alt=""></td>                 
    </tr>                 
    <tr><td>froggy</td><td><img src="./sis/img/sis-loader_4.gif" alt=""></td>                 
    </tr>         
    </table>
                        ';
$helptxt['sis_rembar'] = 'This option allows you to remove the information bar from thumbnails.';
$helptxt['sis_imagelink'] = 'Enable to show a direct link to the image.';
$helptxt['sis_imagelink_bbcode'] = 'Enable to show the bbcode for direct link.';
$helptxt['sis_thumblink_bbcode'] = 'Enable to show the bbcode for thumbnail.';
$helptxt['sis_thumblink_click'] = 'Enable to show the bbcode for clickable thumbnail.';
$helptxt['sis_width'] = 'This option allows you to set the width of the Simple ImageShack iframe.';
$helptxt['sis_height'] = 'This option allows you to set the height of the Simple ImageShack iframe.';
$helptxt['sis_color'] = 'This option allows you to set the text-color of Simple ImageShack.'; 
// Simple ImageShack v3.1.3
]]></search>
        <add><![CDATA[

// Removed $txt SIS v3.1.3

]]></add>
		</operation>
	</file>

<!-- -  English  - -->

<!-- -  Dutch  - -->

    <file name="$languagedir/Modifications.dutch-utf8.php" error="skip">
        <operation>
		<search position="replace">
<![CDATA[
// Simple ImageShack v3.1.3
$txt['sis_enable'] = 'Activeer de Simple ImageShack mod';
$txt['sis_cookie'] = 'Jouw ImageShack.us registratie code.<br /><small><a href="http://profile.imageshack.us/prefs/index.php" target="_blank">click here to retrieve your reg code</a></small>';
$txt['sis_addops'] = 'Plaats Simple ImageShack binnen de Extra Opties';
$txt['sis_permis'] = 'Gebruik het SMF permissie-systeem met Simple ImageShack';
$txt['sis_forumtag'] = 'Voeg Forumtag toe';
$txt['sis_tags'] = 'Voeg Personaltag(s) toe<br /><small>Gebruik komma\'s tussen meerdere tags.</small>';
$txt['sis_loader'] = 'Selecteer loader image';
$txt['sis_loader_0'] = 'off';
$txt['sis_loader_1'] = 'classic';
$txt['sis_loader_2'] = 'modern blue';
$txt['sis_loader_3'] = 'modern green';
$txt['sis_loader_4'] = 'froggy';
$txt['sis_rembar'] = 'Verwijder de informatie strook van de thumbnail';
$txt['sis_imagelink'] = 'Toon link naar afbeelding';
$txt['sis_imagelink_bbcode'] = 'Toom bbcode van de afbeelding';
$txt['sis_thumblink_bbcode'] = 'Toon bbcode van de thumbnail';
$txt['sis_thumblink_click'] = 'Toon bbcode van de clickable thumbnail';
$txt['sis_width'] = 'Simple ImageShack iframe Breedte';
$txt['sis_height'] = 'Simple ImageShack iframe Hoogte';
$txt['sis_color'] = 'Simple ImageShack Tekst Kleur (hex)';
$txt['permissiongroup_sis'] = 'Simple ImageShack mod';
$txt['permissiongroup_simple_sis'] = 'Use Simple ImageShack mod';
$txt['permissionname_sis_view'] = 'View the Simple ImageShack mod';
$txt['permissionhelp_sis_view'] = 'Enabling this permission adds an ImageShack.us upload field to the post template';
// Simple ImageShack v3.1.3
]]></search>
        <add><![CDATA[

// Removed $txt SIS v3.1.3

]]></add>
        </operation>
	</file>

    <file name="$languagedir/Help.dutch-utf8.php" error="skip">
		<operation>
		<search position="replace">
<![CDATA[
// Simple ImageShack v3.1.3
$helptxt['sis_enable'] = 'Deze functie geeft de mogelijkheid de Simple ImageShack mod aan of uit te zetten.';
$helptxt['sis_cookie'] = 'Deze functie geeft de mogelijkheid de afbeeldingen in een ImageShack.us account op te slaan.<br />
						<small>Laat leeg als je geen ImagShack.us account hebt.</small><br />
						<br /><br />
						<b>Hoe kom je achter je registratie code...</b><br />
						- Registreer bij ImageShack.us<br /> <a href="http://profile.imageshack.us/registration/" target="_blank">http://profile.imageshack.us/registration/</a> en log in.<br />
						- Als je bent ingelogd ga je naar <br /> <a href="http://profile.imageshack.us/prefs/index.php" target="blank">http://profile.imageshack.us/prefs/index.php</a>.<br />
						- Kopieer en Plak je ImageShack.us Registration Code.
						';
$helptxt['sis_addops'] = 'Deze functie geeft de mogelijkheid de Simple ImageShack mod in de Extra Opties te plaatsen.';
$helptxt['sis_permis'] = 'Deze functie geeft de mogelijkheid het SMF permissie systeem voor de Simple ImageShack mod aan of uit te zetten.';
$helptxt['sis_forumtag'] = 'Deze functie geeft de mogelijkheid om een forum+user label (tag) aan de afbeelding toe te voegen.';
$helptxt['sis_tags'] = 'Deze functie geeft de mogelijkheid om persoonlijke labels (Personaltags) aan de afbeelding toe te voegen.<br />
						<small>Gebruik komma\'s tussen meerdere tags.</small>
						';
$helptxt['sis_loader'] = 'Deze functie geeft de mogelijkheid om de loader image te selecteren.<br />
    <table border="1" bordercolor="LightSteelBlue" rules="rows" frame="hsides" cellpadding="3" cellspacing="1">                 
    <tr><td>classic</td><td><img src="./sis/img/sis-loader_1.gif" alt=""></td>                 
    </tr>                 
    <tr><td>modern blue</td><td><img src="./sis/img/sis-loader_2.gif" alt=""></td>                 
    </tr>                 
    <tr><td>modern green</td><td><img src="./sis/img/sis-loader_3.gif" alt=""></td>                 
    </tr>                 
    <tr><td>froggy</td><td><img src="./sis/img/sis-loader_4.gif" alt=""></td>                 
    </tr>         
    </table>
                        ';
$helptxt['sis_rembar'] = 'Deze functie geeft de mogelijkheid om de informatie strook te verwijderen van thumbnails.';
$helptxt['sis_imagelink'] = 'Enable to show a direct link to the image.';
$helptxt['sis_imagelink_bbcode'] = 'Enable to show the bbcode for direct link.';
$helptxt['sis_thumblink_bbcode'] = 'Enable to show the bbcode for thumbnail.';
$helptxt['sis_thumblink_click'] = 'Enable to show the bbcode for clickable thumbnail.';
$helptxt['sis_width'] = 'Deze functie geeft de mogelijkheid de breedte van de Simple ImageShack mod in te stellen.';
$helptxt['sis_height'] = 'Deze functie geeft de mogelijkheid de hoogte van de Simple ImageShack mod in te stellen.';
$helptxt['sis_color'] = 'Deze functie geeft de mogelijkheid de tekst-kleur van de Simple ImageShack mod in te stellen.';
// Simple ImageShack v3.1.3
]]></search>
        <add><![CDATA[

// Removed $txt SIS v3.1.3

]]></add>
		</operation>
	</file>

<!-- -  Dutch  - -->

<!-- -  English + Dutch 22-4-2010  - -->

</modification>